{
    "session_id": "20250106_225707",
    "end_time": "2025-01-06T22:57:07.563379",
    "statistics": {
        "session_id": "20250106_225707",
        "total_records": 1,
        "events": 0,
        "last_write": 1736200627.5633798,
        "buffer_sizes": {
            "vehicle_state": 0,
            "environment": 0,
            "control": 0,
            "sensor": 0,
            "events": 0
        }
    }
}