{
    "session_id": "20250106_231845",
    "end_time": "2025-01-06T23:18:46.232070",
    "statistics": {
        "session_id": "20250106_231845",
        "total_records": 174,
        "events": 0,
        "last_write": 1736201926.2320702,
        "buffer_sizes": {
            "vehicle_state": 0,
            "environment": 0,
            "control": 0,
            "sensor": 0,
            "events": 0
        }
    }
}