{
    "session_id": "20250107_112131",
    "end_time": "2025-01-07T11:21:31.450593",
    "statistics": {
        "session_id": "20250107_112131",
        "total_records": 0,
        "events": 0,
        "last_write": 1736245291.427146,
        "buffer_sizes": {
            "vehicle_state": 0,
            "environment": 0,
            "control": 0,
            "sensor": 0,
            "events": 0
        }
    }
}