{
    "session_id": "20250106_225722",
    "end_time": "2025-01-06T22:57:22.395497",
    "statistics": {
        "session_id": "20250106_225722",
        "total_records": 2,
        "events": 0,
        "last_write": 1736200642.3949952,
        "buffer_sizes": {
            "vehicle_state": 0,
            "environment": 0,
            "control": 0,
            "sensor": 0,
            "events": 0
        }
    }
}