{
    "session_id": "20250107_105143",
    "end_time": "2025-01-07T10:51:43.630276",
    "statistics": {
        "session_id": "20250107_105143",
        "total_records": 174,
        "events": 0,
        "last_write": 1736243503.6297643,
        "buffer_sizes": {
            "vehicle_state": 0,
            "environment": 0,
            "control": 0,
            "sensor": 0,
            "events": 0
        }
    }
}