{
    "session_id": "20250106_233752",
    "end_time": "2025-01-06T23:37:52.811386",
    "statistics": {
        "session_id": "20250106_233752",
        "total_records": 174,
        "events": 0,
        "last_write": 1736203072.8113868,
        "buffer_sizes": {
            "vehicle_state": 0,
            "environment": 0,
            "control": 0,
            "sensor": 0,
            "events": 0
        }
    }
}