{
    "session_id": "20250106_205521",
    "end_time": "2025-01-06T20:55:21.252991",
    "statistics": {
        "session_id": "20250106_205521",
        "total_records": 0,
        "events": 0,
        "last_write": 1736193321.2379382,
        "buffer_sizes": {
            "vehicle_state": 0,
            "environment": 0,
            "control": 0,
            "sensor": 0,
            "events": 0
        }
    }
}