{
    "session_id": "20250106_225947",
    "end_time": "2025-01-06T22:59:48.707560",
    "statistics": {
        "session_id": "20250106_225947",
        "total_records": 176,
        "events": 0,
        "last_write": 1736200788.70638,
        "buffer_sizes": {
            "vehicle_state": 0,
            "environment": 0,
            "control": 0,
            "sensor": 0,
            "events": 0
        }
    }
}