{
    "session_id": "20250106_231841",
    "end_time": "2025-01-06T23:18:42.084216",
    "statistics": {
        "session_id": "20250106_231841",
        "total_records": 176,
        "events": 0,
        "last_write": 1736201922.0832162,
        "buffer_sizes": {
            "vehicle_state": 0,
            "environment": 0,
            "control": 0,
            "sensor": 0,
            "events": 0
        }
    }
}