{
    "session_id": "20250106_234129",
    "end_time": "2025-01-06T23:41:29.396296",
    "statistics": {
        "session_id": "20250106_234129",
        "total_records": 174,
        "events": 0,
        "last_write": 1736203289.395296,
        "buffer_sizes": {
            "vehicle_state": 0,
            "environment": 0,
            "control": 0,
            "sensor": 0,
            "events": 0
        }
    }
}