{
    "session_id": "20250106_231904",
    "end_time": "2025-01-06T23:19:04.499526",
    "statistics": {
        "session_id": "20250106_231904",
        "total_records": 174,
        "events": 0,
        "last_write": 1736201944.4995265,
        "buffer_sizes": {
            "vehicle_state": 0,
            "environment": 0,
            "control": 0,
            "sensor": 0,
            "events": 0
        }
    }
}