{
    "session_id": "20250107_105917",
    "end_time": "2025-01-07T10:59:18.012719",
    "statistics": {
        "session_id": "20250107_105917",
        "total_records": 174,
        "events": 0,
        "last_write": 1736243958.0127192,
        "buffer_sizes": {
            "vehicle_state": 0,
            "environment": 0,
            "control": 0,
            "sensor": 0,
            "events": 0
        }
    }
}