time,wind_x,wind_y,wind_z,air_density
0.0,-2.512809759907914,-3.421533146515553,-0.47732027845101216,1.1100749209051475
